Timestamp;unix data;Open;High;Low;Close;Volume (BTC);Volume (Currency);Weighted Price
16.10.2016;1476576000;635.26;641.4;635.18;638.97;1289.54;823539.55;638.63
17.10.2016;1476662400;638.97;639.99;632.1;636.91;3958.04;2516207.28;635.72
18.10.2016;1476748800;636.96;637.8;631.52;635.95;2731.18;1735476.56;635.43
19.10.2016;1476835200;635.95;638.04;624.13;627.98;4472.9;2824080.05;631.38
20.10.2016;1476921600;627.84;630.22;625;628.89;2040.01;1280448.68;627.67
21.10.2016;1477008000;628.05;632.36;627.5;629;3050.51;1919969.05;629.39
22.10.2016;1477094400;628.99;656;628.57;654.52;4351.62;2812594.62;646.33
23.10.2016;1477180800;654.52;656;647.51;648.74;2535.01;1651700.19;651.56
24.10.2016;1477267200;648.71;652.25;640;648.6;4679;3027622.03;647.07
25.10.2016;1477353600;649.03;657.58;643;651.97;6106.92;3982507.67;652.13
26.10.2016;1477440000;651.97;677;651.69;675.11;6716.23;4466380.41;665.01
27.10.2016;1477526400;674.63;685.89;665.59;684.71;4545.44;3090089.93;679.82
28.10.2016;1477612800;684.68;687.23;677.05;685.91;3574.08;2446577.64;684.53
29.10.2016;1477699200;685.91;717.99;684.89;711.13;4034.88;2839203.57;703.66
30.10.2016;1477785600;711.1;711.78;691.49;697.23;3752.53;2630802.8;701.08
31.10.2016;1477872000;697.1;706.97;683.6;697.01;4655.89;3246833.13;697.36
01.11.2016;1477958400;697.04;737;695.38;726.6;6570.02;4746887.12;722.51
02.11.2016;1478044800;726.6;742;717.32;742;4320.53;3133467.19;725.25
03.11.2016;1478131200;742;745.19;670.32;685.22;12102.24;8620853.88;712.34
04.11.2016;1478217600;684.84;707.67;681;702.7;5345.68;3725359.65;696.89
05.11.2016;1478304000;702.95;707.34;694.71;703.46;1918.31;1346262.96;701.8
06.11.2016;1478390400;703.33;714.36;697.92;709.93;2292.86;1620784.56;706.88
07.11.2016;1478476800;709.92;709.92;698.26;702.86;3020.87;2123754.48;703.03
08.11.2016;1478563200;702.86;712.92;701.02;709.31;5526.47;3905868.36;706.76
09.11.2016;1478649600;708.17;740.86;705.45;721.5;9726.25;7081641.53;728.1
10.11.2016;1478736000;721.5;722;707;714.47;4996.45;3570538.74;714.61
11.11.2016;1478822400;714.48;720.94;712.24;716.39;3328.33;2382869.96;715.94
12.11.2016;1478908800;716.39;716.39;701;702.28;2811.55;1988237.32;707.17
13.11.2016;1478995200;701.17;702.89;683.23;700.38;6023.55;4174451.24;693.02
14.11.2016;1479081600;700.38;705.89;697.14;703.82;7566.58;5302237.19;700.74
15.11.2016;1479168000;704.98;716.54;703.05;711.06;5668.94;4030616.4;711
16.11.2016;1479254400;711.07;742.87;708.44;739.71;11585.05;8443845.52;728.86
17.11.2016;1479340800;739.71;749.98;732.22;735.24;6681.43;4971520.49;744.08
18.11.2016;1479427200;736;752.95;731.31;748.98;4271.04;3180459.44;744.66
19.11.2016;1479513600;748.98;755.07;742.63;750.75;1965.44;1470296.81;748.08
20.11.2016;1479600000;750.09;753.82;714;727.09;5525.96;4046316.48;732.24
21.11.2016;1479686400;727.09;739.2;727.03;736.76;4017.58;2948982.13;734.02
22.11.2016;1479772800;736.92;750;730.27;749.22;5034.7;3735123.75;741.88
23.11.2016;1479859200;749.13;749.98;729.92;740.18;4462.78;3298351.61;739.08
24.11.2016;1479945600;740.18;741.15;729;735.63;4039.82;2967466.39;734.55
25.11.2016;1480032000;735.63;737.07;728;737.07;3356.09;2459029.2;732.71
26.11.2016;1480118400;736.96;737.56;722.3;729.91;2314.58;1685262.3;728.11
27.11.2016;1480204800;729.91;732;722.44;727.32;3447.87;2508288.05;727.49
28.11.2016;1480291200;727.32;732.44;724.1;729.54;4741.12;3457223;729.2
29.11.2016;1480377600;730.99;733.29;721;730.76;5406.9;3944721.68;729.57
30.11.2016;1480464000;730.72;744.49;727;742.06;6249.62;4608044.88;737.33
01.12.2016;1480550400;742.06;754.98;740.18;751.54;6124.5;4590130.15;749.47
02.12.2016;1480636800;751.55;778.07;750.77;769.99;8098.58;6209209.26;766.7
03.12.2016;1480723200;770.91;770.99;752.41;760.75;2772.66;2114389.56;762.58
04.12.2016;1480809600;762.97;762.97;752.41;762;3215.68;2440424.84;758.91
05.12.2016;1480896000;762;762.09;743;750.24;5567.77;4175776.97;749.99
06.12.2016;1480982400;749.51;759.9;747.99;758.98;6763.74;5108421.86;755.27
07.12.2016;1481068800;758.97;769.61;751.78;763.99;4809.71;3665122.08;762.03
08.12.2016;1481155200;764.05;772.01;762.29;766.84;4892.94;3758555.43;768.16
09.12.2016;1481241600;766.84;773.99;766.29;769.57;2868.42;2209620.29;770.33
10.12.2016;1481328000;769.57;774.12;768.11;772.28;2200.71;1700155.02;772.55
11.12.2016;1481414400;772.28;772.28;764.01;768.97;1421.13;1090977.42;767.68
12.12.2016;1481500800;768.97;779;768.96;776.9;2805.19;2174538.23;775.18
13.12.2016;1481587200;777;793.27;765.1;775.35;4918.81;3828369.08;778.31
14.12.2016;1481673600;775.75;781;770.74;777.09;2333.38;1812395.34;776.73
15.12.2016;1481760000;777.03;779.08;771;775.89;3039.82;2360816.75;776.63
16.12.2016;1481846400;776.3;782.46;771.24;781.32;3475.77;2706428.28;778.66
17.12.2016;1481932800;781.32;790.88;780.36;788.52;2389.76;1878367.31;786.01
18.12.2016;1482019200;788.3;790.99;780;788.67;2519.24;1983165.37;787.21
19.12.2016;1482105600;788.34;794.39;787.01;791;3917.87;3100648.86;791.41
20.12.2016;1482192000;791.03;803;787.1;798.65;4118.69;3267705.4;793.38
21.12.2016;1482278400;798.83;834.97;796.82;832.75;9391.36;7667888.81;816.48
22.12.2016;1482364800;832.02;875;827.29;859.96;12070.35;10331509.73;855.94
23.12.2016;1482451200;858.94;920;858.93;914;16526.63;14837057.96;897.77
24.12.2016;1482537600;914.48;918.5;878.89;892.61;6026.45;5425021.88;900.2
25.12.2016;1482624000;892.61;894.97;859;890.67;4658.24;4071449.16;874.03
26.12.2016;1482710400;890.65;905.18;888;897.1;3467.55;3117208.42;898.97
27.12.2016;1482796800;897.82;936.42;891;930.34;7225.77;6665199.07;922.42
28.12.2016;1482883200;930.34;976.48;929.49;976.47;12285.11;11744311.24;955.98
29.12.2016;1482969600;976.48;980.74;950;969.58;7858.46;7599251.05;967.02
30.12.2016;1483056000;969.99;970;931;959.54;10755.04;10228764.24;951.07
31.12.2016;1483142400;959.54;966.37;944.11;966.3;4162.92;3978648.15;955.73
01.01.2017;1483228800;966.34;1005;960.53;997.75;6850.59;6764742.06;987.47
02.01.2017;1483315200;997.75;1032;990.01;1012.54;8167.38;8273576.99;1013
03.01.2017;1483401600;1011.44;1039;999.99;1035.24;9089.66;9276500.31;1020.56
04.01.2017;1483488000;1035.51;1139.89;1028.56;1114.92;21562.46;23469644.96;1088.45
05.01.2017;1483574400;1114.38;1136.72;885.41;1004.74;36018.86;36211399.53;1005.35
06.01.2017;1483660800;1004.73;1026.99;871;893.89;27916.7;25523261.28;914.26
07.01.2017;1483747200;894.02;907.05;812.28;906.2;20401.11;17624310.02;863.89
08.01.2017;1483833600;906.2;941.81;881.3;909.75;8937.49;8168170.35;913.92
09.01.2017;1483920000;909.8;912.87;875;896.23;8716.18;7780059.06;892.6
10.01.2017;1484006400;896.09;912.47;889.41;905.05;8535.52;7704271.2;902.61
11.01.2017;1484092800;905.24;918.4;755;778.62;35893.77;29459968.9;820.75
12.01.2017;1484179200;778.7;832.99;751.34;807.47;17400.14;13632251.44;783.46
13.01.2017;1484265600;807.51;831.4;775;825.86;11409.52;9224729.89;808.51
14.01.2017;1484352000;825.98;837.76;810;818.27;6614.72;5470214.99;826.98
15.01.2017;1484438400;819.52;823.45;808;821.86;4231.46;3455365.87;816.59
16.01.2017;1484524800;821.86;835;818.09;831.81;6166.04;5107031.21;828.25
17.01.2017;1484611200;831.76;908.5;827;905.99;12264.17;10775497.86;878.62
18.01.2017;1484697600;905.95;915.99;851.74;887.7;11181.9;9830117.65;879.11
19.01.2017;1484784000;887.69;910;878.89;901.01;11094.6;9929647.2;895
20.01.2017;1484870400;902.23;902.43;880;895.8;6618.63;5915865.49;893.82
21.01.2017;1484956800;895.81;928;895;921.98;5865.63;5373391.08;916.08
22.01.2017;1485043200;921.98;937.74;886.76;923.76;7166.67;6569177.19;916.63
23.01.2017;1485129600;923.75;927.57;913.21;913.52;3514.74;3234454.3;920.25
24.01.2017;1485216000;913.15;923;881.48;885.47;9405.05;8495975.46;903.34
25.01.2017;1485302400;885.47;904.01;884.5;893.43;5291.55;4725942.37;893.11
26.01.2017;1485388800;893.25;919.49;892.86;914.83;5164.9;4688102.25;907.69
27.01.2017;1485475200;914.95;924.88;908.01;918.02;4830.54;4433746.38;917.86
28.01.2017;1485561600;918.02;920.99;913.08;918.6;1175.86;1078884.52;917.53
29.01.2017;1485648000;918.6;919.99;910.45;912.01;1349.01;1234746.08;915.29
30.01.2017;1485734400;913.12;923;910;919.99;3121.19;2865063.73;917.94
31.01.2017;1485820800;919.99;970;917.5;963.99;9507.1;9024041.55;949.19
01.02.2017;1485907200;963.99;986.96;962;983.67;6954.4;6748543.97;970.4
02.02.2017;1485993600;983.79;1011.65;973.12;1009.17;8269.68;8222686.79;994.32
03.02.2017;1486080000;1009.15;1022.64;987.01;1016.99;10928.02;11029881.3;1009.32
04.02.2017;1486166400;1015.06;1044.23;1004;1033.18;5752.29;5884560.6;1022.99
05.02.2017;1486252800;1033.72;1034.6;1004.7;1011.07;4348.17;4417546.51;1015.96
06.02.2017;1486339200;1010.03;1031.94;1005.1;1023.99;5080.85;5188721.52;1021.23
07.02.2017;1486425600;1024;1056.25;1021.3;1052.48;5372.13;5605838.11;1043.5
08.02.2017;1486512000;1052.48;1070;1025;1050.4;9633.26;10072826.84;1045.63
09.02.2017;1486598400;1051.73;1074.69;913.73;986;25150.07;25064862.06;996.61
10.02.2017;1486684800;985.71;1010.68;950;996.08;10731.29;10491584.37;977.66
11.02.2017;1486771200;995.49;1020;987.62;1012.4;4472.51;4509154.73;1008.19
12.02.2017;1486857600;1011.01;1011.97;991.98;1000.73;2684;2690265.37;1002.34
13.02.2017;1486944000;1000.73;1007.89;975.1;1000.79;4547.26;4522130.78;994.47
14.02.2017;1487030400;1000.74;1019;987.97;1008.88;6761.11;6806110.34;1006.66
15.02.2017;1487116800;1008.88;1013.8;1000.97;1011.53;3095.66;3123812.22;1009.09
16.02.2017;1487203200;1011.53;1043.21;1010.75;1032.7;5996.1;6170238.86;1029.04
17.02.2017;1487289600;1032.91;1064.99;1031.98;1055.46;6085.02;6386285.16;1049.51
18.02.2017;1487376000;1055.75;1068.99;1046.14;1056.4;4474.95;4745831.61;1060.53
19.02.2017;1487462400;1056.4;1061.9;1039.07;1051.8;2270.85;2388775.41;1051.93
20.02.2017;1487548800;1051.8;1089.99;1044.39;1084;3664.37;3902660.35;1065.03
21.02.2017;1487635200;1084;1126.86;1077;1124.62;8395.47;9273663.18;1104.6
22.02.2017;1487721600;1124.83;1143;1098.16;1130.01;11673.09;13146726.04;1126.24
23.02.2017;1487808000;1130.02;1193.92;1120.73;1188.11;11753.24;13558056.03;1153.56
24.02.2017;1487894400;1183.53;1220;1091.1;1180.14;19598.23;23023500.2;1174.77
25.02.2017;1487980800;1180.05;1184.73;1127;1152.2;6238.44;7226444.77;1158.37
26.02.2017;1488067200;1152.11;1184.97;1133;1179.05;3536.49;4127618.08;1167.15
27.02.2017;1488153600;1180.46;1197.99;1169;1194.64;4640.77;5511306.9;1187.58
28.02.2017;1488240000;1194.64;1209.99;1176.27;1191.21;7562.47;9017082.51;1192.35
01.03.2017;1488326400;1191.16;1231;1188.3;1226.39;6013.07;7276140.33;1210.05
02.03.2017;1488412800;1228;1283.25;1215;1257.6;7762.73;9679539.51;1246.92
03.03.2017;1488499200;1256.32;1298;1255;1285.33;7545.48;9615648.42;1274.36
04.03.2017;1488585600;1287.38;1289.55;1230;1260;4951.23;6237601.9;1259.81
05.03.2017;1488672000;1260;1275;1240;1273;3026.02;3809526.44;1258.92
06.03.2017;1488758400;1269.98;1285;1251;1278.49;4249.65;5420772.93;1275.58
07.03.2017;1488844800;1278.49;1281.62;1175.97;1233.05;14450.04;17887749.61;1237.9
08.03.2017;1488931200;1233.86;1245.49;1145.5;1150.05;13399.44;15905595.45;1187.03
09.03.2017;1489017600;1149.34;1208;1135.01;1190.89;7654.74;9019820.32;1178.33
10.03.2017;1489104000;1190.99;1350;975;1116.97;33467.94;38830456.29;1160.23
11.03.2017;1489190400;1111.55;1198;1106.51;1176.55;7346.79;8529224.3;1160.95
12.03.2017;1489276800;1176.58;1241.85;1170.9;1226.62;5793.91;7003314.41;1208.74
13.03.2017;1489363200;1226.42;1249.02;1215.43;1242.46;5637.36;6963555.14;1235.25
14.03.2017;1489449600;1242.46;1260;1226.5;1245.86;5745.5;7156458.55;1245.58
15.03.2017;1489536000;1245.82;1260;1238.32;1257.32;3930.5;4920843.36;1251.96
16.03.2017;1489622400;1258.75;1258.96;1130;1172.62;15246.55;18265147.56;1197.99
17.03.2017;1489708800;1172;1173.23;1063;1071.02;16704.57;18711161.79;1120.12
18.03.2017;1489795200;1068.16;1099;944.36;969.4;21292.6;21545879.41;1011.89
19.03.2017;1489881600;969.4;1063.7;969.4;1017.97;12201.86;12333561.01;1010.79
20.03.2017;1489968000;1012.88;1053;1010.01;1035.96;7497.91;7764665.81;1035.58
21.03.2017;1490054400;1036.23;1117.9;1034.92;1114.39;11125.5;12068049.72;1084.72
22.03.2017;1490140800;1114.39;1114.39;988;1037.56;14521.26;15061002.63;1037.17
23.03.2017;1490227200;1037.6;1054.4;1010.69;1029.65;5917;6134595.75;1036.78
24.03.2017;1490313600;1030.84;1032;920;929.06;16072.42;15697051.68;976.65
25.03.2017;1490400000;928.1;963.36;891.33;956.02;13507.44;12469646.95;923.17
26.03.2017;1490486400;956.02;997;937.52;960;9012.92;8743359.97;970.09
27.03.2017;1490572800;959.08;1043;952.95;1039.92;8687.09;8753826.09;1007.68
28.03.2017;1490659200;1039.09;1068.26;1014.9;1043.99;9115.52;9538479.55;1046.4
29.03.2017;1490745600;1042.83;1059.43;1008.16;1035.96;9379.72;9675900.4;1031.58
30.03.2017;1490832000;1037.29;1050.17;1017.14;1033.7;8645.38;8919386.18;1031.69
31.03.2017;1490918400;1033.79;1081;1031.43;1070.31;12058.79;12711331.62;1054.11
01.04.2017;1491004800;1071.34;1097;1061.64;1083.94;5209.13;5617315.77;1078.36
02.04.2017;1491091200;1083.95;1100;1066.49;1078.01;7639.9;8274688.32;1083.09
03.04.2017;1491177600;1076.59;1152;1076.19;1144.77;11076.86;12487637.63;1127.36
04.04.2017;1491264000;1146.42;1162.93;1118.85;1143;7420.87;8471842.7;1141.62
05.04.2017;1491350400;1143;1145;1111;1134.58;5588.98;6299621.45;1127.15
06.04.2017;1491436800;1134.86;1201.37;1134.36;1190.85;9134.3;10690571.43;1170.38
07.04.2017;1491523200;1190.72;1202;1176;1190.66;5450.27;6486716.5;1190.16
08.04.2017;1491609600;1190.66;1197.3;1166.66;1184.03;2720.8;3224244.36;1185.04
09.04.2017;1491696000;1184.05;1216.87;1173.98;1206.2;4817.42;5764973.91;1196.69
10.04.2017;1491782400;1205.2;1219.71;1195;1209.25;3656.82;4416613.87;1207.78
11.04.2017;1491868800;1209.99;1229;1198.02;1218.99;3487.75;4229830.76;1212.77
12.04.2017;1491955200;1218.99;1224.57;1208;1212.17;3475.19;4224875.8;1215.72
13.04.2017;1492041600;1212.16;1219.45;1141;1172.91;7135.3;8410788.79;1178.76
14.04.2017;1492128000;1172.56;1193;1142;1170.34;8982.77;10475652.88;1166.19
15.04.2017;1492214400;1169.53;1192.5;1165;1173.45;1804.45;2128067.82;1179.34
16.04.2017;1492300800;1171;1179.3;1150;1162.31;2663.99;3094769.46;1161.7
17.04.2017;1492387200;1162.31;1192.5;1161;1176.54;3568.83;4210491.81;1179.8
18.04.2017;1492473600;1176.59;1210;1175.95;1202.58;5514.18;6636782.79;1203.58
19.04.2017;1492560000;1202.59;1209.99;1190;1203.98;6046.52;7247878.76;1198.69
20.04.2017;1492646400;1203.98;1243.88;1201.66;1234.19;5972.94;7302307.33;1222.57
21.04.2017;1492732800;1234.93;1252.32;1231.65;1243.61;5023.04;6236859.58;1241.65
22.04.2017;1492819200;1243.6;1247.15;1199;1233.2;4173.28;5126960.21;1228.52
23.04.2017;1492905600;1231.85;1248.99;1223.42;1241.99;2604.72;3219987.14;1236.21
24.04.2017;1492992000;1242;1254;1234;1253.58;3048.69;3788507.32;1242.67
25.04.2017;1493078400;1253.57;1280;1251.07;1269;5249.77;6651231.27;1266.96
26.04.2017;1493164800;1271.4;1330;1265;1287.99;8707.64;11266221.16;1293.83
27.04.2017;1493251200;1287.92;1342.02;1285;1331.53;6669.99;8810060.91;1320.85
28.04.2017;1493337600;1331;1347.02;1299;1330.7;8234.28;10882526.4;1321.61
29.04.2017;1493424000;1333.93;1342.8;1316;1333;3927.45;5226089.45;1330.66
30.04.2017;1493510400;1336.77;1356;1315.68;1350.21;3536.18;4718587.81;1334.38
01.05.2017;1493596800;1348.88;1425;1341.22;1390.86;8604.41;11923132.22;1385.7
02.05.2017;1493683200;1390.86;1481.73;1388;1447.75;8920.69;12836209.77;1438.93
03.05.2017;1493769600;1447.75;1516.04;1431.02;1503.22;11077.59;16380266.84;1478.69
04.05.2017;1493856000;1503.25;1623.01;1444.94;1537.23;19548.53;30115422.58;1540.55
05.05.2017;1493942400;1537.36;1609;1495;1514.9;15603.68;24257672.5;1554.61
06.05.2017;1494028800;1515.39;1578.97;1505;1558.02;7901.14;12179087.26;1541.43
07.05.2017;1494115200;1554.04;1565;1525;1554.01;7667.79;11809645.33;1540.16
08.05.2017;1494201600;1554.38;1653.97;1554.38;1649.54;19262.35;30652223.06;1591.3
09.05.2017;1494288000;1649.55;1760.4;1616.05;1720.28;16807.73;28741490.64;1710.02
10.05.2017;1494374400;1720.26;1794.21;1682;1772.58;11265.38;19697560.66;1748.5
11.05.2017;1494460800;1774.52;1892;1745.01;1828.45;14740.22;26997283.11;1831.54
12.05.2017;1494547200;1830.85;1832;1650;1691.51;17062.84;29856372.54;1749.79
13.05.2017;1494633600;1690.33;1785.82;1601.46;1776.89;10532.23;17797259.46;1689.79
14.05.2017;1494720000;1776.8;1815;1753;1784;4816.73;8585557.39;1782.44
15.05.2017;1494806400;1782.3;1784;1682.56;1705.48;13316.8;22951575.79;1723.51
16.05.2017;1494892800;1706.07;1750;1641.22;1700.01;16554.09;28255380.02;1706.85
17.05.2017;1494979200;1700.01;1840.42;1670.01;1782.99;17797.32;31598676.87;1775.47
18.05.2017;1495065600;1779;1881.8;1766.33;1878.99;11916.12;21766168.13;1826.61
19.05.2017;1495152000;1879;1969.99;1874.99;1958;14124.62;27218796.92;1927.05
20.05.2017;1495238400;1959.09;2021;1914;2013.99;12309.95;24248476.49;1969.83
21.05.2017;1495324800;2013.99;2063.11;1961.52;2017.55;6755.83;13647083.74;2020.04
22.05.2017;1495411200;2017.55;2230.34;2001;2099.97;16338.54;34535101.53;2113.72
23.05.2017;1495497600;2088.76;2275;2088.45;2264.23;14138.92;31139771.52;2202.42
24.05.2017;1495584000;2265.9;2481.75;2264.64;2420.29;22144.6;52782234.68;2383.53
25.05.2017;1495670400;2420.29;2760.1;2221;2292.53;32964.76;83028907.05;2518.72
26.05.2017;1495756800;2277.01;2599.12;2060;2279.82;28326.82;66466402.58;2346.41
27.05.2017;1495843200;2280.7;2339.94;1850;2042;26216.28;54113571.78;2064.12
28.05.2017;1495929600;2042.89;2313.96;2041.48;2178.81;15375.22;33655092.72;2188.92
29.05.2017;1496016000;2172.54;2350;2110;2292.1;12129.28;27376000.71;2257.02
30.05.2017;1496102400;2290.18;2339.08;2160;2203.51;13888.85;31434633.58;2263.3
31.05.2017;1496188800;2201.7;2334;2154.28;2298.01;16279.29;36862481.13;2264.38
01.06.2017;1496275200;2298.01;2456.39;2296.81;2413.63;18401.66;43990417.87;2390.57
02.06.2017;1496361600;2413.58;2489;2370.03;2488.94;12428.7;30186115.46;2428.74
03.06.2017;1496448000;2488.94;2584.34;2445;2540.94;10810.58;27295110.64;2524.85
04.06.2017;1496534400;2538.1;2569;2460;2530.27;8828.62;22263365.05;2521.73
05.06.2017;1496620800;2530.27;2699.35;2525.28;2698;12221.44;31919212.32;2611.74
06.06.2017;1496707200;2698;2933;2689.4;2880.74;26695.67;75249106.78;2818.78
07.06.2017;1496793600;2875.71;2893.28;2612.5;2683.03;16967.04;47205426.44;2782.18
08.06.2017;1496880000;2680.24;2815;2613.13;2806;13251.41;36430027.3;2749.14
09.06.2017;1496966400;2805.46;2868.23;2780.43;2822.32;8036.31;22701156.24;2824.82
10.06.2017;1497052800;2818;2912.98;2800;2899.99;9593.36;27434766.12;2859.77
11.06.2017;1497139200;2899.01;2967.46;2861.53;2954.22;6830.61;19889995.68;2911.89
12.06.2017;1497225600;2954.23;2980;2480.03;2667.06;31534.95;85799286.22;2720.77
13.06.2017;1497312000;2656.97;2783.62;2638.62;2703.02;16275.83;44217458.2;2716.76
14.06.2017;1497398400;2705.99;2801;2320;2450;29478.82;76114991.86;2582.02
15.06.2017;1497484800;2451.42;2516.2;2120;2424.91;36751.09;84952914.56;2311.58
16.06.2017;1497571200;2424.96;2540;2307.66;2484.68;13802.39;33831741.34;2451.15
17.06.2017;1497657600;2484.68;2674.4;2420.53;2630;11142.99;28569796.41;2563.93
18.06.2017;1497744000;2630.06;2665;2460.62;2516.98;9424.23;24023680.66;2549.14
19.06.2017;1497830400;2516.98;2598;2480.96;2598;10570.67;27011860.51;2555.36
20.06.2017;1497916800;2598;2783;2581;2740;15891.7;42538164.74;2676.75
21.06.2017;1498003200;2734.03;2789;2611;2657.04;15676.32;42304860.31;2698.65
22.06.2017;1498089600;2658.67;2740;2594.61;2713.48;10792.79;28955845.86;2682.89
23.06.2017;1498176000;2713.48;2745;2657.46;2685.05;8232.48;22348019.56;2714.62
24.06.2017;1498262400;2685.05;2724.96;2512.13;2557.66;13342.82;34944802.73;2619
25.06.2017;1498348800;2557.66;2635.72;2432;2502.03;10339.57;26249953.89;2538.78
26.06.2017;1498435200;2502.26;2550.03;2315.01;2421.22;22094.21;54096000.65;2448.42
27.06.2017;1498521600;2421.21;2565;2291;2565;19129.6;45774590.05;2392.87
28.06.2017;1498608000;2565;2593;2468.01;2559.9;12274.55;31106035.77;2534.19
29.06.2017;1498694400;2550.99;2594.78;2500.31;2541.59;8125.38;20771078.34;2556.32
30.06.2017;1498780800;2538.41;2564.58;2451;2465.49;8715.72;21948643.03;2518.28
01.07.2017;1498867200;2465.48;2517.11;2390;2412.41;8885.89;21750491.24;2447.76
02.07.2017;1498953600;2421.3;2528.72;2374.34;2504.37;8744.53;21386273.68;2445.67
03.07.2017;1499040000;2504.81;2595;2472.68;2550.47;11520.71;29213705.74;2535.76
04.07.2017;1499126400;2540.07;2639.47;2540.07;2596.12;9662.76;25107482.88;2598.38
05.07.2017;1499212800;2594.52;2623;2530.1;2602.9;10882.84;27950344.7;2568.3
06.07.2017;1499299200;2598.37;2614;2522;2600.39;8333.98;21529601.71;2583.35
07.07.2017;1499385600;2599.01;2605;2475;2501.46;9430.62;23870564.36;2531.18
08.07.2017;1499472000;2501.46;2555;2462;2550.07;5405.89;13584489.52;2512.9
09.07.2017;1499558400;2550.13;2564.65;2500.5;2502.28;4483.14;11362427.97;2534.48
10.07.2017;1499644800;2504;2527.88;2261.85;2323.45;17296.34;41650843.77;2408.07
11.07.2017;1499731200;2326.12;2399;2242.62;2305.98;17580.96;41145883.94;2340.37
12.07.2017;1499817600;2301.55;2408.84;2239.54;2388;12883.55;30256255.57;2348.44
13.07.2017;1499904000;2383.97;2425.16;2312.93;2339.99;8429.85;19957908.68;2367.53
14.07.2017;1499990400;2340;2357.84;2140;2213.37;12659.02;28326253.11;2237.63
15.07.2017;1500076800;2209.44;2219.99;1967.65;1970.51;19886.68;40927009.37;2058.01
16.07.2017;1500163200;1970.51;2044.44;1830;1917.63;25562.71;49010482.23;1917.27
17.07.2017;1500249600;1917.72;2229.97;1910.57;2226;26448.5;55057438.35;2081.68
18.07.2017;1500336000;2226;2392;2164;2303.71;25204.49;57683997.07;2288.64
19.07.2017;1500422400;2308.82;2402.5;2223;2265.21;17009.88;39248446.86;2307.39
20.07.2017;1500508800;2265.51;2938;2265.51;2875.03;30989.89;80388738.23;2594.03
21.07.2017;1500595200;2880;2887.45;2611.39;2670;20724.16;56456355.34;2724.18
22.07.2017;1500681600;2667.01;2882;2644.59;2832.71;12819.63;35805144.41;2792.99
23.07.2017;1500768000;2824.82;2855;2640;2749.02;11001.96;30310788.74;2755.03
24.07.2017;1500854400;2756.8;2800;2701;2759.98;10001.92;27562701.02;2755.74
25.07.2017;1500940800;2759.95;2775.79;2450;2564.82;21326.55;55120720.9;2584.61
26.07.2017;1501027200;2564.74;2608.96;2400;2524.99;17713.67;44091449.21;2489.12
27.07.2017;1501113600;2524.99;2695;2509.63;2666.33;11826.48;30470923.86;2576.5
28.07.2017;1501200000;2666.33;2825;2655.82;2777.01;14069.5;38675840.62;2748.91
29.07.2017;1501286400;2777.01;2785.65;2631.78;2680.56;10782.22;29159800.95;2704.43
30.07.2017;1501372800;2681.6;2774.45;2569.69;2742.37;9678.16;25848893.08;2670.85
31.07.2017;1501459200;2745.76;2889.99;2680.01;2855.81;11114.34;30777296.21;2769.15
01.08.2017;1501545600;2855.81;2929.17;2615;2731;12525.08;34322796.56;2740.33
02.08.2017;1501632000;2732;2760;2650;2703.51;9486.63;25701106.1;2709.19
03.08.2017;1501718400;2703.51;2807.44;2698.83;2793.37;7963.7;21938304;2754.79
04.08.2017;1501804800;2793.34;2877.52;2765.91;2855;7635.82;21650087.64;2835.33
05.08.2017;1501891200;2851.01;3339.66;2848.32;3263.62;16996.27;53861926.03;3169.04
06.08.2017;1501977600;3263.51;3296.51;3146.1;3222.75;5998.74;19412655.97;3236.12
07.08.2017;1502064000;3216.78;3430;3186;3387.55;12046.12;40225852;3339.32
08.08.2017;1502150400;3387.54;3490;3300;3412.41;15835.37;54054824.25;3413.55
09.08.2017;1502236800;3408.46;3423.1;3178.72;3342.99;14286.84;47356464.4;3314.69
10.08.2017;1502323200;3342.99;3448;3311.17;3413.03;9031.12;30658440.51;3394.75
11.08.2017;1502409600;3410;3705;3390.67;3645.06;11927.37;41888022.26;3511.92
12.08.2017;1502496000;3651.74;3934;3586.95;3855.1;12351.07;46799798.4;3789.13
13.08.2017;1502582400;3855.04;4190;3841.71;4053.87;15889.83;63672103.45;4007.1
14.08.2017;1502668800;4053.87;4329.43;3964.96;4306.23;14212.3;59836002.81;4210.15
15.08.2017;1502755200;4320.95;4400;3800;4155.67;25515.72;104651369.05;4101.45
16.08.2017;1502841600;4154.99;4379.78;3926.06;4378.84;12923.64;54194325.8;4193.43
17.08.2017;1502928000;4361.99;4480;4167.21;4276.5;14573.19;63228604.19;4338.69
18.08.2017;1503014400;4260.47;4368;3964.96;4100;17516.99;73224029.24;4180.17
19.08.2017;1503100800;4100;4188;3900;4099.55;15036.18;60604905.58;4030.6
20.08.2017;1503187200;4091.99;4125.95;4000;4058.68;6237.97;25289638.6;4054.14
21.08.2017;1503273600;4058.64;4080;3949.78;3987.52;9782.06;39203908.96;4007.74
22.08.2017;1503360000;3987.51;4139.31;3600;4085;23522.76;91600325.72;3894.12
23.08.2017;1503446400;4078;4248.97;4051.94;4108.12;14979.4;62117291.56;4146.85
24.08.2017;1503532800;4121.78;4350;4082.57;4300.34;10782.69;45174068.67;4189.5
25.08.2017;1503619200;4308.8;4449.98;4270;4355.98;9699.61;42274063.39;4358.33
26.08.2017;1503705600;4348.17;4369.78;4232.43;4333.38;6559.67;28227915.28;4303.25
27.08.2017;1503792000;4333.38;4393.3;4290.32;4337.68;3979.12;17263967.23;4338.63
28.08.2017;1503878400;4329.91;4399.72;4169.01;4379.99;8641;37077203.39;4290.85
29.08.2017;1503964800;4385;4649.78;4336.26;4578.82;11879.64;53491168.4;4502.76
30.08.2017;1504051200;4578.82;4642.22;4479;4573.2;8720.04;39800539.16;4564.26
31.08.2017;1504137600;4573.15;4765.21;4566.66;4734.26;8911.41;41726210.49;4682.33
01.09.2017;1504224000;4734.26;4935;4671.09;4921.7;15367.53;73889667.5;4808.17
02.09.2017;1504310400;4921.71;4979.9;4488.5;4599.9;16977.79;79492706.8;4682.16
03.09.2017;1504396800;4599.9;4700;4385;4606.26;11224.91;51112035;4553.45
04.09.2017;1504483200;4603.68;4613.97;4058.5;4277;25069.13;107792606.94;4299.82
05.09.2017;1504569600;4282.53;4474.88;4001.93;4396.52;20884.22;88444473.15;4234.99
06.09.2017;1504656000;4397.38;4649.23;4356.42;4605.8;16634.1;75306805.37;4527.25
07.09.2017;1504742400;4605.81;4674.34;4475;4615;9254.85;42435328.99;4585.2
08.09.2017;1504828800;4615;4679.97;4125.99;4312;23693.3;103569423.2;4371.25
09.09.2017;1504915200;4327.41;4379.78;4164;4308.72;9974.39;42689334.62;4279.9
10.09.2017;1505001600;4322.44;4322.44;4010;4226.22;14724.2;61040452.05;4145.59
11.09.2017;1505088000;4226.21;4353.49;4092.4;4207.31;11191.6;47148979.98;4212.89
12.09.2017;1505174400;4198.89;4377.65;4080;4172.56;13294.44;56268039.79;4232.45
13.09.2017;1505260800;4170.6;4179.14;3720.01;3865.34;29636.38;115516897.12;3897.81
14.09.2017;1505347200;3861.89;3921.74;3210;3227.79;41319.4;146101729.73;3535.91
15.09.2017;1505433600;3227.79;3820;2972.01;3700.01;60278.95;203168385.98;3370.47
16.09.2017;1505520000;3699.89;3872.9;3500;3678.93;23158.23;84905914.76;3666.34
17.09.2017;1505606400;3669.07;3772.52;3463;3662.99;11770.22;42657776.56;3624.21
18.09.2017;1505692800;3662.95;4122.7;3659.42;4101.6;17207.6;67988469.46;3951.07
19.09.2017;1505779200;4102;4119.7;3848.35;3888.8;15278.93;60404491.57;3953.45
20.09.2017;1505865600;3888.8;4050;3820.56;3874.46;11660.27;45847238.86;3931.92
21.09.2017;1505952000;3864;3914;3573;3617.05;17904.3;67012342.18;3742.81
22.09.2017;1506038400;3607.83;3761.84;3514;3612.18;15007.74;54271184.82;3616.21
23.09.2017;1506124800;3611.91;3810.25;3552;3779.17;10123.23;37609099.77;3715.13
24.09.2017;1506211200;3781.13;3783.25;3615;3664.22;6508.72;24009707.82;3688.85
25.09.2017;1506297600;3667.01;3968.59;3658.39;3918;14979.78;57632408.09;3847.35
26.09.2017;1506384000;3920.66;3970;3850.61;3888.03;10014.62;39220959.7;3916.37
27.09.2017;1506470400;3883.95;4226.73;3870;4199.29;15075.84;61255648.53;4063.17
28.09.2017;1506556800;4202.34;4270.01;4123.5;4184.84;9625.93;40309035.77;4187.55
29.09.2017;1506643200;4183.47;4227.62;4022.02;4164.82;12191.93;50336312.65;4128.66
30.09.2017;1506729600;4162.04;4349;4154.28;4326.09;7496.78;32073448.82;4278.3
01.10.2017;1506816000;4326.09;4377.22;4216;4377.22;7211.34;30871704.79;4281
02.10.2017;1506902400;4369.33;4453;4352;4391.48;8259.82;36293751.01;4394.01
03.10.2017;1506988800;4391.41;4425;4218;4315.83;12468.06;53551605.48;4295.1
04.10.2017;1507075200;4315.73;4343;4170.07;4219.53;8518.99;36068254.94;4233.86
05.10.2017;1507161600;4219.74;4358.97;4137.96;4301.09;8419.96;35912272.84;4265.13
06.10.2017;1507248000;4301.09;4425;4278.4;4362.95;8377.3;36552658.15;4363.3
07.10.2017;1507334400;4356.09;4463;4312.82;4423.3;4646.41;20320065.24;4373.29
08.10.2017;1507420800;4422.72;4612;4404.5;4597.98;10083.87;45490443.57;4511.21
09.10.2017;1507507200;4597.97;4865;4541;4764.7;12923.67;60473207.29;4679.26
10.10.2017;1507593600;4761.67;4847;4750;4813;5287.53;25382028.58;4800.35
